url,repository_name
https://github.com/OSDeploy/OSDCloudScripts/blob/536678fb0da49687e8302816d1a34e433122176a/Nexthink/Remote%20Actions/Start%20Application%20or%20Task%20Sequence.ps1,OSDeploy/OSDCloudScripts
https://github.com/pyca/cryptography/blob/9f9076771503fc9a1b39cc0a9559c41391f9e077/vectors/cryptography_vectors/x509/PKITS_data/smime/SignedInvalidMappingFromanyPolicyTest7.eml,pyca/cryptography
https://github.com/verrazzano/verrazzano/blob/dcf6ffdb8c5abb8bf3b9e3b74d0dbdb5bcf14a3d/platform-operator/internal/config/config_test.go,verrazzano/verrazzano
https://github.com/o-ran-sc/o-du-l2/blob/76d2662c441ac10d75d004698ae6ca6a61814d72/src/o1/ConfigLoader.hpp,o-ran-sc/o-du-l2
https://github.com/nanoframework/nf-interpreter/blob/c4319dfa77ddcf4112c6bc08b5193a3c31189894/install-scripts/configure-vscode-common.psm1,nanoframework/nf-interpreter
https://github.com/marcus-crane/khinsider-index/blob/3b3818f9eccc5f1147598a1265800163e2b53778/albums/sakuna-of-rice-and-ruin-original-soundtrack.json,marcus-crane/khinsider-index
https://github.com/jprk/etckeeper.zolotarev/blob/533b8b7d608ad526057dc07bca543917c1495af4/letsencrypt/keys/0771_key-certbot.pem,jprk/etckeeper.zolotarev
https://github.com/oscaromeu/home-ops/blob/f23e896a5771639a580ffa341caaed7c2f2254a4/kubernetes/apps/networking/external-dns/app/secret.sops.yaml,oscaromeu/home-ops
https://github.com/nts-bot/nts-bot/blob/656d4d64830379851ebefd1cac988d36c7a0a1b1/spotify/ron-morelli.json,nts-bot/nts-bot
https://github.com/jay0lee/chromeos-update-directory/blob/de8bddf75fb1237cb41b9c2c31a8b2c71805f7dc/data/updates/eve/108/data.json,jay0lee/chromeos-update-directory
https://github.com/shikanime/documentation/blob/d023e254672b149da35b103fa1367d2c43bbab31/exploration/cloud/devops.excalidraw,shikanime/documentation
https://github.com/Ket0o/Programming/blob/560a8b9b54144cbba9c55b11914623d246214005/src/Programming/View/MainForm.resx,Ket0o/Programming
https://github.com/talayhan/dotfiles/blob/8d501ba81167da9c1047b7e7c53b6402ec2f8955/icons/Numix-Blue-Flat/categories/scalable/applications-graphics.svg,talayhan/dotfiles
https://github.com/meyira/OIDA/blob/442431da78f18cf9a0c6dfc5a7ae7139ab75f7bf/code/opaque/openssl/pyca-cryptography/vectors/cryptography_vectors/x509/PKITS_data/smime/SignedValidPolicyMappingTest11.eml,meyira/OIDA
https://github.com/sailfishos-mirror/cryptography/blob/77798ec4ae1237253f2300ed61ba26b2eeecc4b4/vectors/cryptography_vectors/x509/PKITS_data/smime/SignedValidPolicyMappingTest11.eml,sailfishos-mirror/cryptography
https://github.com/tls-inspector/rootca/blob/863b163275446a67683e4702061f43a9a2023f17/bundles/apple_ca_bundle.p7b,tls-inspector/rootca
https://github.com/cassidyjames/cassidyjames.github.io/blob/23be318b181eaee7bdcef7c4a021a2bf71429fde/talks/guadec-2023/gnome-design-state-of-the-union/slides/img/app-icons.svg,cassidyjames/cassidyjames.github.io
https://github.com/Arker1337/funcaptcha-solver/blob/5a77ac56b53525f2431f3e7a81d1de4f038b2582/nfps/a41522939255b6004a30233bc527289f.json,Arker1337/funcaptcha-solver
https://github.com/mackorone/spotify-playlist-archive/blob/7d0727a178bb1bcfbaffb3f8d7b60fea484ba49c/playlists/cumulative/37i9dQZF1DWWqt6nKwdYgN.json,mackorone/spotify-playlist-archive
https://github.com/4rshdeep/digital-hardware-design-labwork/blob/2bfda78fddf03f1add7ac85c9284ad9bac25908f/vivado/project_1/project_1.ip_user_files/ipstatic/hdl/xbip_dsp48_wrapper_v3_0_vh_rfs.vhd,4rshdeep/digital-hardware-design-labwork
https://github.com/ag1455/OpenPLi-PC/blob/fcdb2cee30c98ecd1ff60bd7389a9920d85ff9d2/pre/python/lib/python2.7/dist-packages/cryptography_vectors/x509/PKITS_data/smime/SignedValidPolicyMappingTest11.eml,ag1455/OpenPLi-PC
